System Time:,Simulation Time:,AnimalType:,overall,alive,puppy,juvenile,young_adult,adult,aged_adult,elder,overall_puppy,overall_juvenile,overall_young_adult,overall_adult,overall_aged_adult,overall_elder,female,male,overall_female,overall_male,thirstDeath,hungerDeath,ageDeath,predatorDeath
19:31:45,1.200669,Dog,6,6,6,0,0,0,0,0,6,0,0,0,0,0,2,4,2,4,0,0,0,0,








































































































































































































































































































































































































































































































































































































































































19:32:26,83.60191,Dog,6,6,0,6,0,0,0,0,6,6,0,0,0,0,2,4,2,4,0,0,0,0,
19:32:45,122.0899,Dog,6,6,0,0,6,0,0,0,6,6,6,0,0,0,2,4,2,4,0,0,0,0,
19:33:16,182.655,Dog,6,6,0,0,0,6,0,0,6,6,6,6,0,0,2,4,2,4,0,0,0,0,
19:33:19,189.7167,Dog,7,7,1,0,0,6,0,0,7,6,6,6,0,0,3,4,3,4,0,0,0,0,
19:33:25,200.9777,Dog,7,3,1,0,0,2,0,0,7,6,6,6,0,0,2,1,3,4,0,4,0,0,
19:33:26,204.0058,Dog,8,4,2,0,0,2,0,0,8,6,6,6,0,0,2,2,3,5,0,4,0,0,
19:33:45,241.0871,Dog,8,3,2,0,0,1,0,0,8,6,6,6,0,0,1,2,3,5,0,5,0,0,
19:34:0,272.2271,Dog,8,3,1,1,0,1,0,0,8,7,6,6,0,0,1,2,3,5,0,5,0,0,
19:34:2,276.1042,Dog,8,3,1,1,0,0,1,0,8,7,6,6,1,0,1,2,3,5,0,5,0,0,
19:34:8,286.4977,Dog,8,3,0,2,0,0,1,0,8,8,6,6,1,0,1,2,3,5,0,5,0,0,
19:34:11,293.4046,Dog,8,2,0,2,0,0,0,0,8,8,6,6,1,0,1,1,3,5,0,5,0,1,
19:34:20,310.7495,Dog,8,2,0,1,1,0,0,0,8,8,7,6,1,0,1,1,3,5,0,5,0,1,
19:34:27,325.0498,Dog,8,2,0,0,2,0,0,0,8,8,8,6,1,0,1,1,3,5,0,5,0,1,
19:34:30,331.1638,Dog,8,1,0,0,1,0,0,0,8,8,8,6,1,0,1,0,3,5,0,6,0,1,
19:34:50,371.2255,Dog,8,1,0,0,0,1,0,0,8,8,8,7,1,0,1,0,3,5,0,6,0,1,
19:35:37,464.6892,Dog,8,1,0,0,0,0,1,0,8,8,8,7,2,0,1,0,3,5,0,6,0,1,
19:36:45,602.1989,Dog,8,1,0,0,0,0,0,1,8,8,8,7,2,1,1,0,3,5,0,6,0,1,
19:36:46,603.6744,Dog,8,0,0,0,0,0,0,0,8,8,8,7,2,1,0,0,3,5,0,6,1,1,
