System Time:,Simulation Time:,AnimalType:,overall,alive,puppy,juvenile,young_adult,adult,aged_adult,elder,overall_puppy,overall_juvenile,overall_young_adult,overall_adult,overall_aged_adult,overall_elder,female,male,overall_female,overall_male,thirstDeath,hungerDeath,ageDeath,predatorDeath
19:31:45,1.200669,Lion,6,6,6,0,0,0,0,0,6,0,0,0,0,0,2,4,2,4,0,0,0,0,








































































































































































































































































































































































































































































































































































































































































19:32:30,91.07536,Lion,6,6,0,6,0,0,0,0,6,6,0,0,0,0,2,4,2,4,0,0,0,0,
19:32:51,133.1377,Lion,6,6,0,0,6,0,0,0,6,6,6,0,0,0,2,4,2,4,0,0,0,0,
19:33:19,189.7824,Lion,7,7,1,0,6,0,0,0,7,6,6,0,0,0,3,4,3,4,0,0,0,0,
19:33:24,199.1299,Lion,7,7,1,0,0,6,0,0,7,6,6,6,0,0,3,4,3,4,0,0,0,0,
19:33:25,201.7204,Lion,7,4,1,0,0,3,0,0,7,6,6,6,0,0,2,2,3,4,2,1,0,0,
19:33:36,223.1124,Lion,8,5,2,0,0,3,0,0,8,6,6,6,0,0,2,3,3,5,2,1,0,0,
19:34:4,279.7839,Lion,8,5,1,1,0,3,0,0,8,7,6,6,0,0,2,3,3,5,2,1,0,0,
19:34:15,301.11,Lion,8,5,1,1,0,0,3,0,8,7,6,6,3,0,2,3,3,5,2,1,0,0,
19:34:21,313.1611,Lion,8,5,0,2,0,0,3,0,8,8,6,6,3,0,2,3,3,5,2,1,0,0,
19:34:24,318.6061,Lion,8,4,0,1,0,0,3,0,8,8,6,6,3,0,1,3,3,5,2,2,0,0,
19:34:42,355.1016,Lion,8,4,0,0,1,0,3,0,8,8,7,6,3,0,1,3,3,5,2,2,0,0,
19:35:15,421.1222,Lion,8,4,0,0,0,1,3,0,8,8,7,7,3,0,1,3,3,5,2,2,0,0,
19:35:30,451.0865,Lion,8,4,0,0,0,1,0,3,8,8,7,7,3,3,1,3,3,5,2,2,0,0,
19:35:31,453.0426,Lion,8,3,0,0,0,1,0,2,8,8,7,7,3,3,0,3,3,5,2,2,1,0,
19:35:31,454.006,Lion,8,2,0,0,0,1,0,1,8,8,7,7,3,3,0,2,3,5,2,2,2,0,
19:35:32,455.0367,Lion,8,1,0,0,0,1,0,0,8,8,7,7,3,3,0,1,3,5,2,2,3,0,
19:36:6,523.107,Lion,8,1,0,0,0,0,1,0,8,8,7,7,4,3,0,1,3,5,2,2,3,0,
19:37:21,673.0767,Lion,8,1,0,0,0,0,0,1,8,8,7,7,4,4,0,1,3,5,2,2,3,0,
19:37:21,674.0503,Lion,8,0,0,0,0,0,0,0,8,8,7,7,4,4,0,0,3,5,2,2,4,0,
