System Time:,Simulation Time:,AnimalType:,overall,alive,puppy,juvenile,young_adult,adult,aged_adult,elder,overall_puppy,overall_juvenile,overall_young_adult,overall_adult,overall_aged_adult,overall_elder,female,male,overall_female,overall_male,thirstDeath,hungerDeath,ageDeath,predatorDeath
19:54:39,1.20418,Lion,6,6,6,0,0,0,0,0,6,0,0,0,0,0,4,2,4,2,0,0,0,0,
19:55:24,91.11097,Lion,6,6,0,6,0,0,0,0,6,6,0,0,0,0,4,2,4,2,0,0,0,0,
19:55:45,133.1515,Lion,6,6,0,0,6,0,0,0,6,6,6,0,0,0,4,2,4,2,0,0,0,0,
19:56:17,197.0242,Lion,7,7,1,0,6,0,0,0,7,6,6,0,0,0,4,3,4,3,0,0,0,0,
19:56:18,199.1184,Lion,7,7,1,0,0,6,0,0,7,6,6,6,0,0,4,3,4,3,0,0,0,0,
19:56:19,201.7674,Lion,7,6,1,0,0,5,0,0,7,6,6,6,0,0,3,3,4,3,0,1,0,0,
19:56:44,252.4624,Lion,7,5,1,0,0,4,0,0,7,6,6,6,0,0,2,3,4,3,0,2,0,0,
19:57:2,287.0091,Lion,7,5,0,1,0,4,0,0,7,7,6,6,0,0,2,3,4,3,0,2,0,0,
19:57:9,301.1041,Lion,7,5,0,1,0,0,4,0,7,7,6,6,4,0,2,3,4,3,0,2,0,0,
19:57:23,328.9897,Lion,7,5,0,0,1,0,4,0,7,7,7,6,4,0,2,3,4,3,0,2,0,0,
19:57:37,358.2979,Lion,7,4,0,0,0,0,4,0,7,7,7,6,4,0,2,2,4,3,0,3,0,0,
19:58:24,451.0752,Lion,7,4,0,0,0,0,0,4,7,7,7,6,4,4,2,2,4,3,0,3,0,0,
19:58:24,452.0101,Lion,7,2,0,0,0,0,0,2,7,7,7,6,4,4,2,0,4,3,0,3,2,0,
19:58:25,453.0089,Lion,7,1,0,0,0,0,0,1,7,7,7,6,4,4,1,0,4,3,0,3,3,0,
19:58:25,454.0294,Lion,7,0,0,0,0,0,0,0,7,7,7,6,4,4,0,0,4,3,0,3,4,0,
