System Time:,Simulation Time:,AnimalType:,overall,alive,puppy,juvenile,young_adult,adult,aged_adult,elder,overall_puppy,overall_juvenile,overall_young_adult,overall_adult,overall_aged_adult,overall_elder,female,male,overall_female,overall_male,thirstDeath,hungerDeath,ageDeath,predatorDeath
20:34:36,1.209221,Chicken,6,6,6,0,0,0,0,0,6,0,0,0,0,0,2,4,2,4,0,0,0,0,
20:34:56,40.48936,Chicken,6,5,5,0,0,0,0,0,6,0,0,0,0,0,1,4,2,4,0,0,0,1,
20:34:56,41.13446,Chicken,6,5,0,5,0,0,0,0,6,5,0,0,0,0,1,4,2,4,0,0,0,1,
20:35:16,81.09431,Chicken,6,5,0,0,5,0,0,0,6,5,5,0,0,0,1,4,2,4,0,0,0,1,
20:35:32,112.658,Chicken,9,8,3,0,5,0,0,0,9,5,5,0,0,0,2,6,3,6,0,0,0,1,
20:35:36,121.1146,Chicken,9,8,3,0,0,5,0,0,9,5,5,5,0,0,2,6,3,6,0,0,0,1,
20:35:52,152.6995,Chicken,9,8,0,3,0,5,0,0,9,8,5,5,0,0,2,6,3,6,0,0,0,1,
20:36:1,170.3447,Chicken,9,5,0,3,0,2,0,0,9,8,5,5,0,0,2,3,3,6,2,1,0,1,
20:36:12,192.7429,Chicken,9,5,0,0,3,2,0,0,9,8,8,5,0,0,2,3,3,6,2,1,0,1,
20:36:16,201.0994,Chicken,9,5,0,0,3,0,2,0,9,8,8,5,2,0,2,3,3,6,2,1,0,1,
20:36:23,214.1933,Chicken,9,3,0,0,1,0,2,0,9,8,8,5,2,0,1,2,3,6,4,1,0,1,
20:36:32,232.6505,Chicken,9,3,0,0,0,1,2,0,9,8,8,6,2,0,1,2,3,6,4,1,0,1,
20:36:54,277.025,Chicken,12,6,3,0,0,1,2,0,12,8,8,6,2,0,4,2,6,6,4,1,0,1,
20:37:6,301.0908,Chicken,12,6,3,0,0,1,0,2,12,8,8,6,2,2,4,2,6,6,4,1,0,1,
20:37:7,302.0526,Chicken,12,5,3,0,0,1,0,1,12,8,8,6,2,2,4,1,6,6,4,1,1,1,
20:37:8,304.0446,Chicken,12,4,3,0,0,1,0,0,12,8,8,6,2,2,3,1,6,6,4,1,2,1,
20:37:12,312.657,Chicken,12,4,3,0,0,0,1,0,12,8,8,6,3,2,3,1,6,6,4,1,2,1,
20:37:14,317.0595,Chicken,12,4,0,3,0,0,1,0,12,11,8,6,3,2,3,1,6,6,4,1,2,1,
20:37:34,357.0506,Chicken,12,4,0,0,3,0,1,0,12,11,11,6,3,2,3,1,6,6,4,1,2,1,
20:37:45,378.6291,Chicken,12,2,0,0,1,0,1,0,12,11,11,6,3,2,1,1,6,6,6,1,2,1,
20:37:54,397.0255,Chicken,12,2,0,0,0,1,1,0,12,11,11,7,3,2,1,1,6,6,6,1,2,1,
20:38:2,412.6318,Chicken,12,2,0,0,0,1,0,1,12,11,11,7,3,3,1,1,6,6,6,1,2,1,
20:38:3,415.5789,Chicken,12,1,0,0,0,1,0,0,12,11,11,7,3,3,1,0,6,6,6,1,3,1,
20:38:34,477.0459,Chicken,12,1,0,0,0,0,1,0,12,11,11,7,4,3,1,0,6,6,6,1,3,1,
20:39:24,577.0212,Chicken,12,1,0,0,0,0,0,1,12,11,11,7,4,4,1,0,6,6,6,1,3,1,
20:39:26,580.9731,Chicken,12,0,0,0,0,0,0,0,12,11,11,7,4,4,0,0,6,6,6,1,4,1,
